{"mse": [0.0033886441960930824, 0.0004850873083341867, 0.00019552165758796036, 0.00013822456821799278], "mae": [2.817770481109619, 5.073108673095703, 2.048194646835327, 1.9576846361160278], "sign_acc": [0.7769028871391076, 0.7532808398950132, 0.6771653543307087, 0.7742782152230971]}