{"mse": [0.0033770271111279726, 0.000341493112500757, 0.00011235845158807933, 6.517850852105767e-05], "mae": [2.866694211959839, 4.097851276397705, 1.134004831314087, 0.8937079906463623], "sign_acc": [0.5963302752293578, 0.7591743119266054, 0.7844036697247706, 0.9151376146788991]}