{"mse": [0.003832263173535466, 0.0007078661001287401, 0.00028545447275973856, 0.00021927549096290022], "mae": [2.669322967529297, 2.4744949340820312, 7.96649694442749, 7.280686855316162], "sign_acc": [0.6005509641873278, 0.6253443526170799, 0.6859504132231405, 0.8154269972451791]}