{"mse": [37.14005661010742, 17.623472213745117, 23.400033950805664, 0.31659460067749023], "mae": [5996.1630859375, 446.4718933105469, 455.0419616699219, 191.38531494140625], "sign_acc": [0.5738396624472574, 0.4092827004219409, 0.4936708860759494, 0.5569620253164557]}