{"mse": [3.5606937408447266, 3.8343658447265625, 2.1758294105529785, 0.09047052264213562], "mae": [239.50149536132812, 134.71914672851562, 304.29150390625, 21.419235229492188], "sign_acc": [0.5021097046413502, 0.4050632911392405, 0.11814345991561181, 0.0]}