{"mse": [0.1370643973350525, 0.008803260512650013, 0.00734475813806057, 0.002802364993840456], "mae": [12.972451210021973, 4.487119674682617, 5.544352054595947, 2.8128769397735596], "sign_acc": [0.35294117647058826, 0.5036764705882353, 0.6691176470588235, 0.7463235294117647]}