{"mse": [0.01062117237597704, 0.003474191529676318, 0.00039752788143232465, 0.00034194719046354294], "mae": [10.961761474609375, 5.073278427124023, 1.1852362155914307, 0.5044925212860107], "sign_acc": [0.746177370030581, 0.9388379204892966, 1.0, 0.9143730886850153]}