{"mse": [3.0193328857421875, 47.64292526245117, 24.712093353271484, 15.017646789550781], "mae": [105.85555267333984, 767.9893188476562, 320.4645080566406, 251.7183380126953], "sign_acc": [0.5864978902953587, 0.4388185654008439, 0.3924050632911392, 0.379746835443038]}