{"mse": [0.26205435395240784, 0.013088117353618145, 0.004526054486632347, 0.058379191905260086], "mae": [59.6361198425293, 76.96427154541016, 3.5838167667388916, 11.87477970123291], "sign_acc": [0.8354430379746836, 0.9535864978902954, 0.5864978902953587, 1.0]}