{"mse": [0.002595925936475396, 0.00037485576467588544, 0.00010960890358546749, 0.00010530450526857749], "mae": [1.8147156238555908, 2.3243014812469482, 4.080893516540527, 1.0769881010055542], "sign_acc": [0.6927536231884058, 0.8, 0.8260869565217391, 0.9246376811594202]}