{"mse": [0.07739077508449554, 0.00981506984680891, 0.02894173376262188, 0.008643988519906998], "mae": [12.719805717468262, 4.67236328125, 117.87366485595703, 7.370702266693115], "sign_acc": [0.7077922077922078, 0.8116883116883117, 0.2532467532467532, 0.19480519480519481]}