{"mse": [0.0037583725061267614, 0.0003931600658688694, 0.00015838263789191842, 0.00010718774137785658], "mae": [3.1362521648406982, 2.614204168319702, 1.2553439140319824, 1.614966630935669], "sign_acc": [0.5598086124401914, 0.6220095693779905, 0.7703349282296651, 0.8732057416267942]}