{"mse": [0.3190278112888336, 0.11240474879741669, 0.23110631108283997, 0.0696171447634697], "mae": [35.93377685546875, 30.84268569946289, 109.84294128417969, 23.794158935546875], "sign_acc": [0.6206896551724138, 0.5206896551724138, 0.43448275862068964, 0.39655172413793105]}