{"mse": [0.0035842941142618656, 0.0005326636019162834, 0.00025328173069283366, 0.0001607189915375784], "mae": [4.116997718811035, 1.2266583442687988, 1.0270984172821045, 1.1982511281967163], "sign_acc": [0.7275, 0.825, 0.7275, 0.84]}