{"mse": [0.30422714352607727, 0.08290987461805344, 0.014904918149113655, 0.003565413411706686], "mae": [61.474876403808594, 42.64643478393555, 48.36090850830078, 4.962359428405762], "sign_acc": [0.35826771653543305, 0.41732283464566927, 0.5669291338582677, 0.531496062992126]}